"zip","population","zip_code","latitude","longitude","city","state","county"
8701,134008,8701,39.9452,-74.1498,"Lakewood","NJ","Ocean"
77494,130920,77494,29.834,-95.4342,"Katy","TX","Fort Bend"
77449,122098,77449,29.834,-95.4342,"Katy","TX","Harris"
78660,113386,78660,30.4427,-97.5971,"Pflugerville","TX","Travis"
11368,112750,11368,40.7488,-73.8543,"Corona","NY","Queens"
60629,108997,60629,41.8119,-87.6873,"Chicago","IL","Cook"
77084,108557,77084,29.834,-95.4342,"Houston","TX","Harris"
11208,108180,11208,40.6622,-73.9129,"Brooklyn","NY","Kings"
77433,107887,77433,29.834,-95.4342,"Cypress","TX","Harris"
79936,107512,79936,31.7112,-106.243,"El Paso","TX","El Paso"
90011,106042,90011,33.9893,-118.25,"Los Angeles","CA","Los Angeles"
11385,105521,11385,40.7024,-73.886,"Ridgewood","NY","Queens"
11373,102618,11373,40.7351,-73.8776,"Elmhurst","NY","Queens"
90650,101983,90650,33.9068,-118.077,"Norwalk","CA","Los Angeles"
11226,101053,11226,40.645,-73.9563,"Brooklyn","NY","Kings"
94565,100826,94565,38.0031,-121.917,"Pittsburg","CA","Contra Costa"
92336,100571,92336,34.1223,-116.247,"Fontana","CA","San Bernardino"
11236,100082,11236,40.657,-73.9158,"Brooklyn","NY","Kings"
30044,100056,30044,33.9418,-84.0706,"Lawrenceville","GA","Gwinnett"
91331,99804,91331,33.7866,-118.299,"Pacoima","CA","Los Angeles"
37013,99800,37013,36.036,-86.6456,"Antioch","TN","Davidson"
90044,98990,90044,33.9381,-118.286,"Los Angeles","CA","Los Angeles"
10467,98713,10467,40.8763,-73.8704,"Bronx","NY","Bronx"
10025,96988,10025,40.7987,-73.9678,"New York City","NY","New York"
11207,96801,11207,40.6709,-73.8952,"Brooklyn","NY","Kings"
92335,96704,92335,34.1598,-114.301,"Fontana","CA","San Bernardino"
90805,96515,90805,33.8388,-118.158,"Long Beach","CA","Los Angeles"
90250,96200,90250,33.7866,-118.299,"Hawthorne","CA","Los Angeles"
77573,95704,77573,29.4965,-95.0523,"League City","TX","Galveston"
79938,95452,79938,31.8498,-106.304,"El Paso","TX","El Paso"
90201,95134,90201,33.9767,-118.169,"Bell","CA","Los Angeles"
75052,94636,75052,32.7673,-96.7776,"Grand Prairie","TX","Dallas"
10314,94355,10314,40.591,-74.1507,"Staten Island","NY","Richmond"
926,93751,926,18.3694,-66.0628,"San Juan","PR","San Juan"
11220,93008,11220,40.6349,-74.0169,"Brooklyn","NY","Kings"
78245,92770,78245,29.4069,-98.7227,"San Antonio","TX","Bexar"
91342,92580,91342,33.7866,-118.299,"Sylmar","CA","Los Angeles"
11219,92283,11219,40.6332,-73.997,"Brooklyn","NY","Kings"
90280,92262,90280,33.9377,-118.193,"South Gate","CA","Los Angeles"
60618,92235,60618,41.8119,-87.6873,"Chicago","IL","Cook"
77479,91618,77479,29.5529,-95.6668,"Sugar Land","TX","Fort Bend"
78130,91275,78130,29.7765,-98.221,"New Braunfels","TX","Comal"
11221,91236,11221,40.7004,-73.9368,"Brooklyn","NY","Kings"
11214,90796,11214,40.5995,-73.9986,"Brooklyn","NY","Kings"
77429,90790,77429,29.834,-95.4342,"Cypress","TX","Harris"
92683,90630,92683,33.6403,-117.769,"Westminster","CA","Orange"
77584,90364,77584,29.5402,-95.3323,"Pearland","TX","Brazoria"
11230,90245,11230,40.6225,-73.9661,"Brooklyn","NY","Kings"
11234,89976,11234,40.6109,-73.9139,"Brooklyn","NY","Kings"
11206,89949,11206,40.7005,-73.9493,"Brooklyn","NY","Kings"
93307,89651,93307,35.1054,-118.717,"Bakersfield","CA","Kern"
92503,88617,92503,33.7529,-116.056,"Riverside","CA","Riverside"
10456,88575,10456,40.8305,-73.9087,"Bronx","NY","Bronx"
78613,88189,78613,30.494,-97.6287,"Cedar Park","TX","Williamson"
30043,88050,30043,34.0031,-84.0126,"Lawrenceville","GA","Gwinnett"
91911,87799,91911,32.616,-117.034,"Chula Vista","CA","San Diego"
92345,87476,92345,34.84,-115.967,"Hesperia","CA","San Bernardino"
75217,87154,75217,32.7025,-96.6845,"Dallas","TX","Dallas"
78641,87106,78641,30.5835,-97.8575,"Leander","TX","Williamson"
78521,87040,78521,26.0986,-97.5069,"Brownsville","TX","Cameron"
11377,86977,11377,40.7484,-73.9054,"Woodside","NY","Queens"
34787,86913,34787,28.4686,-81.5123,"Winter Garden","FL","Orange"
78666,86530,78666,29.9729,-97.9972,"San Marcos","TX","Hays"
93722,86387,93722,36.7933,-119.931,"Fresno","CA","Fresno"
60632,86372,60632,41.8119,-87.6873,"Chicago","IL","Cook"
92376,85727,92376,34.2023,-115.567,"Rialto","CA","San Bernardino"
60647,85685,60647,41.8119,-87.6873,"Chicago","IL","Cook"
30024,85442,30024,34.0425,-84.0262,"Suwanee","GA","Gwinnett"
60639,85248,60639,41.8119,-87.6873,"Chicago","IL","Cook"
99301,85210,99301,46.4207,-118.899,"Pasco","WA","Franklin"
92804,84700,92804,33.6403,-117.769,"Anaheim","CA","Orange"
60804,84189,60804,41.8119,-87.6873,"Cicero","IL","Cook"
11212,84006,11212,40.6638,-73.9164,"Brooklyn","NY","Kings"
75035,83930,75035,33.1571,-96.7729,"Frisco","TX","Collin"
78542,83925,78542,26.3547,-98.112,"Edinburg","TX","Hidalgo"
22193,83796,22193,38.6438,-77.3451,"Woodbridge","VA","Prince William"
92154,83758,92154,32.628,-117.035,"San Diego","CA","San Diego"
95076,83716,95076,36.9803,-121.747,"Watsonville","CA","Santa Cruz"
73099,83451,73099,35.5214,-97.7705,"Yukon","OK","Canadian"
37042,83409,37042,36.5018,-87.3992,"Clarksville","TN","Montgomery"
77379,83247,77379,29.834,-95.4342,"Spring","TX","Harris"
60617,83188,60617,41.8119,-87.6873,"Chicago","IL","Cook"
11233,83125,11233,40.6821,-73.9206,"Brooklyn","NY","Kings"
11235,83069,11235,40.5845,-73.9484,"Brooklyn","NY","Kings"
95823,82983,95823,38.4814,-121.442,"Sacramento","CA","Sacramento"
60608,82749,60608,41.8119,-87.6873,"Chicago","IL","Cook"
10458,82678,10458,40.8647,-73.8899,"Bronx","NY","Bronx"
93033,82517,93033,34.1541,-119.131,"Oxnard","CA","Ventura"
96706,82504,96706,21.3445,-158.014,"Ewa Beach","HI","Honolulu"
85142,82360,85142,33.1915,-111.621,"Queen Creek","AZ","Maricopa"
93727,82176,93727,36.7631,-119.673,"Fresno","CA","Fresno"
92592,81636,92592,33.7529,-116.056,"Temecula","CA","Riverside"
93550,81501,93550,33.7866,-118.299,"Palmdale","CA","Los Angeles"
91710,81466,91710,34.1598,-114.301,"Chino","CA","San Bernardino"
10468,81397,10468,40.871,-73.9005,"Bronx","NY","Bronx"
27610,81219,27610,35.7429,-78.5644,"Raleigh","NC","Wake"
11229,81109,11229,40.601,-73.94,"Brooklyn","NY","Kings"
93535,80905,93535,33.7866,-118.299,"Lancaster","CA","Los Angeles"
94112,80880,94112,37.722,-122.439,"San Francisco","CA","San Francisco"
92704,80767,92704,33.6403,-117.769,"Santa Ana","CA","Orange"
11204,80575,11204,40.6038,-73.9876,"Brooklyn","NY","Kings"
10453,80385,10453,40.8527,-73.9125,"Bronx","NY","Bronx"
92509,80325,92509,33.7529,-116.056,"Riverside","CA","Riverside"
60625,80296,60625,41.8119,-87.6873,"Chicago","IL","Cook"
11223,80113,11223,40.6338,-73.9544,"Brooklyn","NY","Kings"
76063,80101,76063,32.7714,-97.2915,"Mansfield","TX","Tarrant"
77459,79937,77459,29.324,-95.6499,"Missouri City","TX","Fort Bend"
10457,79817,10457,40.8461,-73.8983,"Bronx","NY","Bronx"
78577,79496,78577,26.1867,-98.1278,"Pharr","TX","Hidalgo"
11355,79495,11355,40.7503,-73.8139,"Flushing","NY","Queens"
95035,79393,95035,37.4365,-121.862,"Milpitas","CA","Santa Clara"
91744,79380,91744,33.7866,-118.299,"La Puente","CA","Los Angeles"
79928,79330,79928,0,0,"El Paso","TX","El Paso"
93257,79217,93257,35.9738,-118.704,"Porterville","CA","Tulare"
28027,79079,28027,35.4107,-80.6584,"Concord","NC","Cabarrus"
93274,78831,93274,36.1335,-119.3,"Tulare","CA","Tulare"
27587,78666,27587,35.858,-78.5865,"Wake Forest","NC","Wake"
10452,78624,10452,40.8387,-73.9216,"Bronx","NY","Bronx"
34953,78558,34953,27.2577,-80.3803,"Port St. Lucie","FL","St. Lucie"
28269,78540,28269,35.332,-80.7986,"Charlotte","NC","Mecklenburg"
11203,78506,11203,40.6636,-73.9494,"Brooklyn","NY","Kings"
30349,78431,30349,33.6181,-84.5501,"Atlanta","GA","Fulton"
90706,78352,90706,33.888,-118.13,"Bellflower","CA","Los Angeles"
91709,78341,91709,34.84,-115.967,"Chino Hills","CA","San Bernardino"
92563,78139,92563,33.7529,-116.056,"Murrieta","CA","Riverside"
94533,78129,94533,38.2784,-122.02,"Fairfield","CA","Solano"
92126,78111,92126,32.8996,-117.145,"San Diego","CA","San Diego"
30040,77848,30040,34.2321,-84.158,"Cumming","GA","Forsyth"
94544,77712,94544,37.6139,-122.062,"Hayward","CA","Alameda"
84043,77551,84043,40.3181,-111.921,"Lehi","UT","Utah"
98052,77324,98052,47.6788,-122.121,"Redmond","WA","King"
66062,77312,66062,38.8474,-94.7787,"Olathe","KS","Johnson"
725,77244,725,18.213,-66.058,"Caguas","PR","Caguas"
10462,77230,10462,40.8427,-73.8547,"Bronx","NY","Bronx"
91335,77158,91335,33.7866,-118.299,"Reseda","CA","Los Angeles"
87121,76980,87121,35.0597,-106.806,"Albuquerque","NM","Bernalillo"
78254,76945,78254,29.4375,-98.4616,"San Antonio","TX","Bexar"
79912,76890,79912,31.8972,-106.565,"El Paso","TX","El Paso"
78572,76753,78572,26.2296,-98.1927,"Mission","TX","Hidalgo"
60623,76611,60623,41.8119,-87.6873,"Chicago","IL","Cook"
77407,76600,77407,29.6773,-95.7195,"Richmond","TX","Fort Bend"
95630,76599,95630,38.5942,-121.311,"Folsom","CA","Sacramento"
10002,76518,10002,40.7188,-73.9864,"New York City","NY","New York"
76028,76343,76028,32.4927,-97.2644,"Burleson","TX","Johnson"
91910,76313,91910,32.6369,-117.05,"Chula Vista","CA","San Diego"
23464,76131,23464,36.7995,-76.1784,"Virginia Beach","VA","Virginia Beach City"
60634,75873,60634,41.9334,-87.8163,"Chicago","IL","Cook"
95747,75681,95747,38.7799,-121.336,"Roseville","CA","Placer"
10029,75614,10029,40.7919,-73.9435,"New York City","NY","New York"
98012,75555,98012,47.8401,-122.197,"Bothell","WA","Snohomish"
89108,75498,89108,36.2187,-115.214,"Las Vegas","NV","Clark"
33311,75435,33311,26.1443,-80.1839,"Fort Lauderdale","FL","Broward"
80134,75383,80134,39.4895,-104.845,"Parker","CO","Douglas"
11375,75212,11375,40.723,-73.8437,"Forest Hills","NY","Queens"
76244,75185,76244,32.7714,-97.2915,"Keller","TX","Tarrant"
90003,75024,90003,33.9492,-118.273,"Los Angeles","CA","Los Angeles"
77083,75004,77083,29.834,-95.4342,"Houston","TX","Harris"
63376,74967,63376,38.7988,-90.6237,"St. Peters","MO","St. Charles"
93306,74769,93306,35.413,-118.867,"Bakersfield","CA","Kern"
97229,74755,97229,45.5483,-122.828,"Portland","OR","Washington"
92880,74645,92880,33.7529,-116.056,"Corona","CA","Riverside"
30052,74564,30052,33.8769,-83.8968,"Loganville","GA","Gwinnett"
37211,74389,37211,36.0704,-86.7183,"Nashville","TN","Davidson"
76179,74074,76179,32.9074,-97.4257,"Fort Worth","TX","Tarrant"
89031,74005,89031,36.278,-115.144,"North Las Vegas","NV","Clark"
77845,73969,77845,30.5792,-96.2938,"College Station","TX","Brazos"
75211,73948,75211,32.7365,-96.835,"Dallas","TX","Dallas"
92553,73945,92553,33.8572,-116.72,"Moreno Valley","CA","Riverside"
33411,73919,33411,26.6644,-80.1741,"West Palm Beach","FL","Palm Beach"
47906,73916,47906,40.4673,-86.9281,"West Lafayette","IN","Tippecanoe"
80013,73870,80013,39.6607,-104.763,"Aurora","CO","Arapahoe"
30041,73865,30041,34.2037,-84.1031,"Cumming","GA","Forsyth"
37128,73657,37128,35.8454,-86.4867,"Murfreesboro","TN","Rutherford"
45011,73596,45011,39.4251,-84.4729,"Hamilton","OH","Butler"
85326,73579,85326,33.2765,-112.187,"Buckeye","AZ","Maricopa"
33024,73405,33024,26.0296,-80.2489,"Hollywood","FL","Broward"
11218,73318,11218,40.6443,-73.9784,"Brooklyn","NY","Kings"
92805,73310,92805,33.6403,-117.769,"Anaheim","CA","Orange"
6902,73238,6902,41.0602,-73.5445,"Stamford","CT","Fairfield"
85225,73116,85225,33.326,-111.824,"Chandler","AZ","Maricopa"
19124,72919,19124,40.0216,-75.0937,"Philadelphia","PA","Philadelphia"
80015,72841,80015,39.6674,-104.775,"Aurora","CO","Arapahoe"
83646,72804,83646,43.6521,-116.426,"Meridian","ID","Ada"
92105,72688,92105,32.7374,-117.087,"San Diego","CA","San Diego"
33025,72684,33025,26.1423,-80.2316,"Hollywood","FL","Broward"
75002,72679,75002,33.208,-96.6468,"Allen","TX","Collin"
77450,72651,77450,29.834,-95.4342,"Katy","TX","Harris"
96797,72605,96797,21.3995,-158.015,"Waipahu","HI","Honolulu"
91706,72495,91706,33.7866,-118.299,"Baldwin Park","CA","Los Angeles"
33647,72323,33647,28.1278,-82.3503,"Tampa","FL","Hillsborough"
77036,72278,77036,29.834,-95.4342,"Houston","TX","Harris"
10466,72273,10466,40.8599,-73.841,"Bronx","NY","Bronx"
22191,72215,22191,38.6255,-77.2716,"Woodbridge","VA","Prince William"
93536,72131,93536,33.7866,-118.299,"Lancaster","CA","Los Angeles"
37075,72102,37075,36.3475,-86.612,"Hendersonville","TN","Sumner"
93065,72086,93065,34.2722,-118.734,"Simi Valley","CA","Ventura"
11215,72014,11215,40.6643,-73.9841,"Brooklyn","NY","Kings"
85364,71910,85364,32.6153,-114.649,"Yuma","AZ","Yuma"
10469,71862,10469,40.87,-73.8449,"Bronx","NY","Bronx"
11209,71812,11209,40.6225,-74.0287,"Brooklyn","NY","Kings"
33023,71749,33023,25.9967,-80.2574,"Hollywood","FL","Broward"
60614,71701,60614,41.8119,-87.6873,"Chicago","IL","Cook"
90255,71654,90255,33.978,-118.213,"Huntington Park","CA","Los Angeles"
30127,71642,30127,33.9135,-84.6859,"Powder Springs","GA","Cobb"
20906,71560,20906,39.084,-77.0613,"Silver Spring","MD","Montgomery"
60085,71465,60085,42.3274,-87.982,"Waukegan","IL","Lake"
94536,71445,94536,37.5653,-121.983,"Fremont","CA","Alameda"
19120,71360,19120,40.0316,-75.119,"Philadelphia","PA","Philadelphia"
46307,71355,46307,41.4444,-87.3601,"Crown Point","IN","Lake"
60657,71192,60657,41.8119,-87.6873,"Chicago","IL","Cook"
33012,71088,33012,25.8595,-80.2239,"Hialeah","FL","Miami-Dade"
94568,71068,94568,37.7144,-121.906,"Dublin","CA","Alameda"
28277,71047,28277,35.0552,-80.8195,"Charlotte","NC","Mecklenburg"
91730,71040,91730,34.84,-115.967,"Rancho Cucamonga","CA","San Bernardino"
95123,70952,95123,37.1894,-121.705,"San Jose","CA","Santa Clara"
94509,70889,94509,37.932,-121.907,"Antioch","CA","Contra Costa"
7305,70738,7305,40.6967,-74.0811,"Jersey City","NJ","Hudson"
77346,70704,77346,29.834,-95.4342,"Humble","TX","Harris"
10977,70555,10977,41.1158,-74.0474,"Spring Valley","NY","Rockland"
7002,70497,7002,40.6709,-74.1095,"Bayonne","NJ","Hudson"
30281,70433,30281,33.5499,-84.208,"Stockbridge","GA","Henry"
11691,70365,11691,40.6015,-73.7619,"Far Rockaway","NY","Queens"
10463,70296,10463,40.8795,-73.9044,"Bronx","NY","Bronx"
7055,70048,7055,40.8551,-74.1269,"Passaic","NJ","Passaic"
20002,70043,20002,38.9082,-76.9821,"Washington","DC","District Of Columbia"
32828,69778,32828,28.5296,-81.1755,"Orlando","FL","Orange"
84015,69772,84015,41.0176,-111.995,"Clearfield","UT","Davis"
11201,69755,11201,40.6945,-73.9893,"Brooklyn","NY","Kings"
94110,69679,94110,37.7489,-122.416,"San Francisco","CA","San Francisco"
77095,69644,77095,29.834,-95.4342,"Houston","TX","Harris"
92021,69638,92021,32.8221,-116.886,"El Cajon","CA","San Diego"
84096,69619,84096,40.487,-112.1,"Herriman","UT","Salt Lake"
91766,69517,91766,33.7866,-118.299,"Pomona","CA","Los Angeles"
94587,69502,94587,37.5891,-121.974,"Union City","CA","Alameda"
92882,69472,92882,33.7529,-116.056,"Corona","CA","Riverside"
30096,69456,30096,33.9845,-84.1529,"Duluth","GA","Gwinnett"
78046,69422,78046,27.4047,-99.4743,"Laredo","TX","Webb"
2301,69225,2301,42.0794,-71.04,"Brockton","MA","Plymouth"
85383,69177,85383,0,0,"Peoria","AZ","Maricopa"
33157,69152,33157,25.5584,-80.4582,"Miami","FL","Miami-Dade"
11213,69131,11213,40.6732,-73.9361,"Brooklyn","NY","Kings"
90631,69064,90631,33.6403,-117.769,"La Habra","CA","Orange"
90037,69064,90037,33.7866,-118.299,"Los Angeles","CA","Los Angeles"
32218,68996,32218,30.4755,-81.676,"Jacksonville","FL","Duval"
95687,68996,95687,38.3506,-121.913,"Vacaville","CA","Solano"
60641,68968,60641,41.8119,-87.6873,"Chicago","IL","Cook"
85032,68805,85032,33.2765,-112.187,"Phoenix","AZ","Maricopa"
33186,68750,33186,25.5584,-80.4582,"Miami","FL","Miami-Dade"
28078,68639,28078,35.4011,-80.8695,"Huntersville","NC","Mecklenburg"
85281,68623,85281,33.4328,-111.927,"Tempe","AZ","Maricopa"
93230,68572,93230,36.2205,-119.718,"Hanford","CA","Kings"
33015,68517,33015,25.9099,-80.3612,"Hialeah","FL","Miami-Dade"
23462,68499,23462,36.8371,-76.1467,"Virginia Beach","VA","Virginia Beach City"
75228,68472,75228,32.8323,-96.6821,"Dallas","TX","Dallas"
95020,68365,95020,37.0233,-121.494,"Gilroy","CA","Santa Clara"
60620,68330,60620,41.8119,-87.6873,"Chicago","IL","Cook"
32822,68321,32822,28.4944,-81.2902,"Orlando","FL","Orange"
78640,68265,78640,29.9966,-97.8335,"Kyle","TX","Hays"
11434,68182,11434,40.6746,-73.7816,"Jamaica","NY","Queens"
33033,68121,33033,25.5584,-80.4582,"Homestead","FL","Miami-Dade"
75068,68074,75068,33.1768,-96.9583,"Little Elm","TX","Denton"
10701,68032,10701,40.9461,-73.8669,"Yonkers","NY","Westchester"
949,68031,949,18.4319,-66.1997,"Toa Baja","PR","Toa Baja"
95206,68031,95206,37.9123,-121.387,"Stockton","CA","San Joaquin"
77375,67965,77375,29.834,-95.4342,"Tomball","TX","Harris"
91402,67937,91402,33.7866,-118.299,"Panorama City","CA","Los Angeles"
95624,67915,95624,38.4415,-121.307,"Elk Grove","CA","Sacramento"
17603,67891,17603,40.0091,-76.3671,"Lancaster","PA","Lancaster"
75126,67852,75126,32.7239,-96.4508,"Forney","TX","Kaufman"
87114,67805,87114,35.1868,-106.665,"Albuquerque","NM","Bernalillo"
85301,67781,85301,33.2765,-112.187,"Glendale","AZ","Maricopa"
78045,67686,78045,27.6357,-99.5923,"Laredo","TX","Webb"
30047,67675,30047,33.8656,-84.0725,"Lilburn","GA","Gwinnett"
29072,67669,29072,33.9769,-81.253,"Lexington","SC","Lexington"
11746,67663,11746,40.8143,-73.3634,"Huntington Station","NY","Suffolk"
94513,67580,94513,37.9123,-121.843,"Brentwood","CA","Contra Costa"
89121,67537,89121,36.1223,-115.092,"Las Vegas","NV","Clark"
94541,67401,94541,37.6751,-121.974,"Hayward","CA","Alameda"
60640,67317,60640,41.8119,-87.6873,"Chicago","IL","Cook"
30135,67299,30135,33.6675,-84.7506,"Douglasville","GA","Douglas"
7087,67258,7087,40.7589,-74.0563,"Union City","NJ","Hudson"
92407,67207,92407,34.2712,-116.937,"San Bernardino","CA","San Bernardino"
19111,67149,19111,40.0632,-75.0813,"Philadelphia","PA","Philadelphia"
20011,67127,20011,38.9526,-77.0179,"Washington","DC","District Of Columbia"
75067,67117,75067,33.0479,-97.0509,"Lewisville","TX","Denton"
32210,67110,32210,30.2745,-81.7867,"Jacksonville","FL","Duval"
11372,67001,11372,40.7511,-73.8825,"Jackson Heights","NY","Queens"
89110,66927,89110,36.1837,-115.125,"Las Vegas","NV","Clark"
20147,66917,20147,39.0373,-77.4805,"Ashburn","VA","Loudoun"
66061,66897,66061,38.8914,-94.8817,"Olathe","KS","Johnson"
93906,66883,93906,36.621,-121.488,"Salinas","CA","Monterey"
85204,66851,85204,33.3971,-111.788,"Mesa","AZ","Maricopa"
98682,66821,98682,45.6788,-122.479,"Vancouver","WA","Clark"
77386,66816,77386,30.1246,-95.4018,"Spring","TX","Montgomery"
34711,66744,34711,28.584,-81.7794,"Clermont","FL","Lake"
32259,66518,32259,29.8773,-81.5612,"Jacksonville","FL","St. Johns"
92114,66487,92114,32.7061,-117.052,"San Diego","CA","San Diego"
89115,66461,89115,36.2201,-115.064,"Las Vegas","NV","Clark"
48197,66422,48197,42.2021,-83.6205,"Ypsilanti","MI","Washtenaw"
30004,66406,30004,34.1124,-84.302,"Alpharetta","GA","Fulton"
43123,66365,43123,39.969,-83.0114,"Grove City","OH","Franklin"
75071,66298,75071,0,0,"Mc Kinney","TX","Collin"
94080,66262,94080,37.6574,-122.423,"South San Francisco","CA","San Mateo"
92630,66240,92630,33.6408,-117.693,"Lake Forest","CA","Orange"
94538,66215,94538,37.5095,-121.958,"Fremont","CA","Alameda"
77521,66215,77521,29.834,-95.4342,"Baytown","TX","Harris"
29681,66168,29681,34.8073,-82.2667,"Simpsonville","SC","Greenville"
95758,66153,95758,38.3472,-121.429,"Elk Grove","CA","Sacramento"
21234,66095,21234,39.4131,-76.53,"Parkville","MD","Baltimore"
23322,66091,23322,36.6434,-76.242,"Chesapeake","VA","Chesapeake City"
953,66079,953,18.3568,-66.257,"Toa Alta","PR","Toa Alta"
90262,66073,90262,33.9245,-118.203,"Lynwood","CA","Los Angeles"
27519,66046,27519,35.7681,-78.8296,"Cary","NC","Wake"
30022,65985,30022,34.0268,-84.2422,"Alpharetta","GA","Fulton"
20878,65954,20878,39.0919,-77.1985,"Gaithersburg","MD","Montgomery"
84404,65940,84404,41.2793,-112.08,"Ogden","UT","Weber"
87120,65918,87120,35.1197,-106.705,"Albuquerque","NM","Bernalillo"
956,65841,956,18.3267,-66.1742,"Bayamon","PR","Bayamon"
10027,65806,10027,40.8122,-73.9532,"New York City","NY","New York"
75056,65785,75056,33.0771,-96.9016,"The Colony","TX","Denton"
33463,65766,33463,26.5955,-80.1291,"Lake Worth","FL","Palm Beach"
14850,65740,14850,42.4028,-76.484,"Ithaca","NY","Tompkins"
10023,65706,10023,40.7768,-73.9822,"New York City","NY","New York"
75098,65655,75098,32.9703,-96.5524,"Wylie","TX","Dallas"
11211,65511,11211,40.7078,-73.9453,"Brooklyn","NY","Kings"
32244,65499,32244,30.2203,-81.7474,"Jacksonville","FL","Duval"
91977,65497,91977,32.7184,-117,"Spring Valley","CA","San Diego"
2148,65463,2148,42.4365,-71.0854,"Malden","MA","Middlesex"
11706,65437,11706,40.7051,-73.243,"Bay Shore","NY","Suffolk"
38401,65393,38401,35.624,-87.004,"Columbia","TN","Maury"
10472,65283,10472,40.8295,-73.8657,"Bronx","NY","Bronx"
37122,65251,37122,36.1846,-86.4687,"Mount Juliet","TN","Wilson"
60651,65229,60651,41.8119,-87.6873,"Chicago","IL","Cook"
94015,65125,94015,37.6769,-122.475,"Daly City","CA","San Mateo"
94558,65084,94558,38.5162,-122.312,"Napa","CA","Napa"
11717,64969,11717,40.7809,-73.2503,"Brentwood","NY","Suffolk"
80016,64842,80016,39.6012,-104.739,"Aurora","CO","Arapahoe"
77373,64828,77373,29.834,-95.4342,"Spring","TX","Harris"
90026,64769,90026,33.7866,-118.299,"Los Angeles","CA","Los Angeles"
30188,64757,30188,34.1274,-84.4818,"Woodstock","GA","Cherokee"
33178,64751,33178,25.8745,-80.35,"Miami","FL","Miami-Dade"
43081,64746,43081,40.1045,-82.8965,"Westerville","OH","Franklin"
28215,64713,28215,35.2466,-80.7887,"Charlotte","NC","Mecklenburg"
80219,64696,80219,39.695,-105.034,"Denver","CO","Denver"
40475,64678,40475,37.7649,-84.2969,"Richmond","KY","Madison"
60402,64659,60402,41.8119,-87.6873,"Berwyn","IL","Cook"
43026,64633,43026,39.969,-83.0114,"Hilliard","OH","Franklin"
20019,64631,20019,38.8916,-76.9394,"Washington","DC","District Of Columbia"
27406,64386,27406,35.9916,-79.7598,"Greensboro","NC","Guilford"
92201,64325,92201,33.7287,-116.036,"Indio","CA","Riverside"
8753,64313,8753,39.9589,-74.2153,"Toms River","NJ","Ocean"
75043,64296,75043,32.876,-96.5823,"Garland","TX","Dallas"
30331,64295,30331,33.7243,-84.5786,"Atlanta","GA","Fulton"
11432,64268,11432,40.7145,-73.7944,"Jamaica","NY","Queens"
92677,64259,92677,33.5328,-117.71,"Laguna Niguel","CA","Orange"
7093,64203,7093,40.7888,-74.0115,"West New York","NJ","Hudson"
44256,64186,44256,41.11,-81.855,"Medina","OH","Medina"
92562,64155,92562,33.442,-116.861,"Murrieta","CA","Riverside"
90022,64147,90022,33.8966,-118.176,"Los Angeles","CA","Los Angeles"
92404,64090,92404,34.1591,-116.709,"San Bernardino","CA","San Bernardino"
92801,64022,92801,33.6403,-117.769,"Anaheim","CA","Orange"
75150,63895,75150,32.791,-96.6359,"Mesquite","TX","Dallas"
2155,63873,2155,42.4221,-71.1093,"Medford","MA","Middlesex"
85308,63789,85308,33.2765,-112.187,"Glendale","AZ","Maricopa"
78253,63735,78253,29.472,-98.7574,"San Antonio","TX","Bexar"
94806,63730,94806,37.9596,-122.334,"San Pablo","CA","Contra Costa"
95608,63715,95608,38.6214,-121.332,"Carmichael","CA","Sacramento"
30058,63647,30058,33.7356,-84.1009,"Lithonia","GA","Dekalb"
74012,63498,74012,36.1423,-95.8791,"Broken Arrow","OK","Tulsa"
33027,63474,33027,26.0397,-80.3654,"Hollywood","FL","Broward"
10312,63473,10312,40.5452,-74.1747,"Staten Island","NY","Richmond"
90731,63431,90731,33.7531,-118.253,"San Pedro","CA","Los Angeles"
11210,63426,11210,40.6255,-73.9455,"Brooklyn","NY","Kings"
37064,63374,37064,35.8907,-86.9657,"Franklin","TN","Williamson"
94501,63340,94501,37.7706,-122.265,"Alameda","CA","Alameda"
612,63312,612,18.4507,-66.6983,"Arecibo","PR","Arecibo"
60609,63241,60609,41.8119,-87.6873,"Chicago","IL","Cook"
32765,63210,32765,28.6666,-81.2074,"Oviedo","FL","Seminole"
91343,63193,91343,33.7866,-118.299,"North Hills","CA","Los Angeles"
77406,63187,77406,29.504,-95.9191,"Richmond","TX","Fort Bend"
19143,63186,19143,39.9573,-75.187,"Philadelphia","PA","Philadelphia"
78574,63165,78574,26.3208,-98.3181,"Mission","TX","Hidalgo"
75040,63143,75040,32.9315,-96.6158,"Garland","TX","Dallas"
93905,63121,93905,36.6829,-121.612,"Salinas","CA","Monterey"
32825,63056,32825,28.5351,-81.2202,"Orlando","FL","Orange"
75243,63047,75243,32.778,-96.7338,"Dallas","TX","Dallas"
10950,63011,10950,41.3431,-74.3168,"Monroe","NY","Orange"
91762,62990,91762,34.84,-115.967,"Ontario","CA","San Bernardino"
30062,62958,30062,33.9823,-84.488,"Marietta","GA","Cobb"
48180,62937,48180,42.2458,-83.2491,"Taylor","MI","Wayne"
77077,62933,77077,29.834,-95.4342,"Houston","TX","Harris"
93309,62828,93309,35.2944,-118.905,"Bakersfield","CA","Kern"
32808,62827,32808,28.5803,-81.4396,"Orlando","FL","Orange"
10024,62774,10024,40.8081,-73.9657,"New York City","NY","New York"
21740,62760,21740,39.5889,-77.7002,"Hagerstown","MD","Washington"
85041,62702,85041,33.3797,-112.112,"Phoenix","AZ","Maricopa"
32818,62566,32818,28.5947,-81.4967,"Orlando","FL","Orange"
20148,62554,20148,39.0142,-77.5285,"Ashburn","VA","Loudoun"
28173,62501,28173,34.9251,-80.7278,"Waxhaw","NC","Union"
43055,62460,43055,40.086,-82.486,"Newark","OH","Licking"
11216,62373,11216,40.6805,-73.9468,"Brooklyn","NY","Kings"
78520,62344,78520,26.0522,-97.5145,"Brownsville","TX","Cameron"
89148,62337,89148,36.0629,-115.272,"Las Vegas","NV","Clark"
22407,62301,22407,38.272,-77.6068,"Fredericksburg","VA","Spotsylvania"
90640,62294,90640,33.7866,-118.299,"Montebello","CA","Los Angeles"
30101,62284,30101,34.0234,-84.6738,"Acworth","GA","Cobb"
37167,62284,37167,35.8562,-86.4534,"Smyrna","TN","Rutherford"
95127,62269,95127,37.3739,-121.796,"San Jose","CA","Santa Clara"
22554,62257,22554,38.439,-77.4354,"Stafford","VA","Stafford"
33313,62232,33313,26.1487,-80.2075,"Fort Lauderdale","FL","Broward"
91702,62196,91702,33.7866,-118.299,"Azusa","CA","Los Angeles"
43130,62187,43130,39.6897,-82.6093,"Lancaster","OH","Fairfield"
92627,62181,92627,33.6851,-117.764,"Costa Mesa","CA","Orange"
78664,62168,78664,30.5305,-97.6351,"Round Rock","TX","Williamson"
30906,62166,30906,33.3589,-82.0099,"Augusta","GA","Richmond"
31907,62140,31907,32.4831,-84.915,"Columbus","GA","Muscogee"
37027,62116,37027,35.983,-86.8161,"Brentwood","TN","Williamson"
60073,62071,60073,42.2792,-88.0502,"Round Lake","IL","Lake"
7047,62066,7047,40.7897,-74.0232,"North Bergen","NJ","Hudson"
78251,62064,78251,29.4649,-98.6718,"San Antonio","TX","Bexar"
44035,62050,44035,41.3714,-82.1051,"Elyria","OH","Lorain"
42101,62041,42101,37.0174,-86.4518,"Bowling Green","KY","Warren"
80634,62001,80634,40.2812,-104.796,"Greeley","CO","Weld"
23320,62000,23320,36.75,-76.2188,"Chesapeake","VA","Chesapeake City"
60016,61988,60016,42.0483,-87.8905,"Des Plaines","IL","Cook"
73160,61987,73160,35.3269,-97.4068,"Oklahoma City","OK","Cleveland"
20874,61922,20874,39.1355,-77.2822,"Germantown","MD","Montgomery"
92392,61859,92392,34.492,-114.755,"Victorville","CA","San Bernardino"
91761,61837,91761,34.84,-115.967,"Ontario","CA","San Bernardino"
85345,61801,85345,33.2765,-112.187,"Peoria","AZ","Maricopa"
85008,61759,85008,33.4468,-111.954,"Phoenix","AZ","Maricopa"
77072,61688,77072,29.834,-95.4342,"Houston","TX","Harris"
92223,61686,92223,33.927,-116.955,"Beaumont","CA","Riverside"
22030,61665,22030,38.8532,-77.3051,"Fairfax","VA","Fairfax City"
78665,61640,78665,30.2198,-98.3586,"Sandy","TX","Blanco"
976,61638,976,18.3381,-65.9892,"Trujillo Alto","PR","Trujillo Alto"
92703,61593,92703,33.6403,-117.769,"Santa Ana","CA","Orange"
90660,61561,90660,33.9858,-118.089,"Pico Rivera","CA","Los Angeles"
92115,61456,92115,32.7576,-117.071,"San Diego","CA","San Diego"
21122,61444,21122,38.9768,-76.6162,"Pasadena","MD","Anne Arundel"
93291,61439,93291,36.184,-119.363,"Visalia","CA","Tulare"
60628,61419,60628,41.8119,-87.6873,"Chicago","IL","Cook"
95014,61414,95014,37.1894,-121.705,"Cupertino","CA","Santa Clara"
2360,61412,2360,41.8862,-70.6387,"Plymouth","MA","Plymouth"
78745,61322,78745,30.1987,-97.7972,"Austin","TX","Travis"
83301,61291,83301,42.4432,-114.629,"Twin Falls","ID","Twin Falls"
55044,61134,55044,44.6334,-93.2581,"Lakeville","MN","Dakota"
92620,61110,92620,33.6916,-117.765,"Irvine","CA","Orange"
6010,61077,6010,41.6812,-72.9396,"Bristol","CT","Hartford"
10031,61044,10031,40.8234,-73.949,"New York City","NY","New York"
78504,60999,78504,26.3263,-98.2335,"Mcallen","TX","Hidalgo"
34744,60995,34744,28.2976,-81.324,"Kissimmee","FL","Osceola"
77469,60971,77469,29.5558,-95.7885,"Richmond","TX","Fort Bend"
92507,60949,92507,33.7529,-116.056,"Riverside","CA","Riverside"
2169,60938,2169,42.2418,-71.006,"Quincy","MA","Norfolk"
30083,60937,30083,33.7864,-84.2034,"Stone Mountain","GA","Dekalb"
85338,60922,85338,33.2765,-112.187,"Goodyear","AZ","Maricopa"
95828,60850,95828,38.4884,-121.423,"Sacramento","CA","Sacramento"
30066,60795,30066,34.0248,-84.4984,"Marietta","GA","Cobb"
78249,60769,78249,29.4375,-98.4616,"San Antonio","TX","Bexar"
98208,60723,98208,47.8973,-122.19,"Everett","WA","Snohomish"
70726,60707,70726,30.459,-90.9027,"Denham Springs","LA","Livingston"
11550,60668,11550,40.7002,-73.6209,"Hempstead","NY","Nassau"
79924,60667,79924,31.8722,-106.503,"El Paso","TX","El Paso"
19446,60659,19446,40.2242,-75.2916,"Lansdale","PA","Montgomery"
33065,60600,33065,26.2213,-80.2614,"Pompano Beach","FL","Broward"
2151,60592,2151,42.3663,-71.0205,"Revere","MA","Suffolk"
30253,60539,30253,33.451,-84.1544,"Mcdonough","GA","Henry"
80504,60527,80504,40.1294,-104.971,"Longmont","CO","Weld"
19720,60514,19720,39.5929,-75.6515,"New Castle","DE","New Castle"
95051,60499,95051,37.1894,-121.705,"Santa Clara","CA","Santa Clara"
27703,60483,27703,35.9574,-78.8217,"Durham","NC","Durham"
10032,60480,10032,40.8391,-73.9422,"New York City","NY","New York"
37129,60448,37129,35.9017,-86.4235,"Murfreesboro","TN","Rutherford"
60619,60443,60619,41.8119,-87.6873,"Chicago","IL","Cook"
29445,60419,29445,33.058,-80.0101,"Goose Creek","SC","Berkeley"
37040,60377,37040,36.5167,-87.3085,"Clarksville","TN","Montgomery"
95355,60338,95355,37.6859,-120.948,"Modesto","CA","Stanislaus"
7111,60268,7111,40.7262,-74.2329,"Irvington","NJ","Essex"
77396,60253,77396,29.834,-95.4342,"Humble","TX","Harris"
8854,60233,8854,40.5529,-74.4577,"Piscataway","NJ","Middlesex"
19134,60229,19134,39.9947,-75.108,"Philadelphia","PA","Philadelphia"
23456,60182,23456,36.7466,-76.0391,"Virginia Beach","VA","Virginia Beach City"
59901,60177,59901,48.2028,-114.304,"Kalispell","MT","Flathead"
92647,60114,92647,33.6403,-117.769,"Huntington Beach","CA","Orange"
10473,60087,10473,40.8162,-73.8603,"Bronx","NY","Bronx"
92346,60025,92346,34.1565,-117.14,"Highland","CA","San Bernardino"
21222,60013,21222,39.326,-76.4517,"Dundalk","MD","Baltimore"
33064,60009,33064,26.2212,-80.1251,"Pompano Beach","FL","Broward"
11435,59961,11435,40.7002,-73.7973,"Jamaica","NY","Queens"
78501,59954,78501,26.2693,-98.2244,"Mcallen","TX","Hidalgo"
78753,59951,78753,30.3786,-97.6764,"Austin","TX","Travis"
44060,59932,44060,41.6793,-81.3288,"Mentor","OH","Lake"
93313,59924,93313,35.2758,-119.014,"Bakersfield","CA","Kern"
28227,59904,28227,35.1366,-80.7112,"Charlotte","NC","Mecklenburg"
85033,59904,85033,33.2765,-112.187,"Phoenix","AZ","Maricopa"
92571,59896,92571,33.7529,-116.056,"Perris","CA","Riverside"
10460,59852,10460,40.8418,-73.879,"Bronx","NY","Bronx"
92071,59795,92071,32.844,-116.995,"Santee","CA","San Diego"
93458,59789,93458,34.9535,-120.496,"Santa Maria","CA","Santa Barbara"